ac.ewha.web.manager-7.apk,efca4596553f65435e0d896bd12fef91
AdvWebbing.Araldicus.Adv-7.apk,1c9c24d7d326d1c6f1ff23fb40f8f2b1
air.air.A25-1000000.apk,76b84bd19525c85fe292d6b50cab94ef
air.air.com.mir.wordgame-1000000.apk,7467717029cbde18c3472d7fc0efa16a
air.AndroidExample.nimitjaprerealize.tenmarch.debug-4000000.apk,a7a91c6a711dd1804c13f2ba001e39d8
air.au.com.birdiebogey-1004000.apk,22b5587cec1ec4e63852fb9b446dd89b
air.be.trendsco.planticare-1000000.apk,6ae3a36e840e0b63b5df5bcf61b4543a
air.br.com.ef5.ariane.crushTheLadyBug-1000001.apk,a17190914a8af971000b2a1f03ec35ad
air.br.com.istunning.myFreePersonalStylist-1002000.apk,37b8df07df4b42bebfd479ca3a17fcad
air.BunkysAijou-1002000.apk,9795760b00996b8b781563dda04d807d
air.CatCatch-1001000.apk,4ae4d02e4cd3b9d6a01bcc7af0f2eb30
air.ChandlerRealEstateMLSMag-1000000.apk,77d27cf6b331d7a919ac3ecb27fa51ba
air.Christmasgift-1000000.apk,b87567663ea24fd952ad407af11a8038
air.cn.gembo.hzbus-1000000.apk,fac4bce361034157c206d4cc9f31cbf0
air.co.intisoft.openerp.scm.inventory-2.apk,21991b156ec573d5f63e5b1c4dc28d4a
air.co.kr.belive.belive-1000002.apk,6fd4d97821f90a12264e68dfa9e8ce05
air.com.ak.VampsRevenge-1000000.apk,8798e4dc34bec4927cb9c3d32c56bd14
air.com.arnold3.spice21-1000000.apk,679248836ed67b51cf817f695aca66db
air.com.battlefrontsoftware.bam-5.apk,de732bd645d2ebfcd53758efe198df68
air.com.beelabs.GuessTheArabicMovie-1000003.apk,3ee92d587b212755e0f5fd00b56d7d1a
air.com.bloomingkids.writefood-1002000.apk,3c71e8ee139aeaf20cd2699c59686ead
air.com.brainclub.eggstreme-1000000.apk,bed1cf78d44e5d4ec5bf28e905414fb5
air.com.cbn.android_bible-1000000.apk,8f6a6aa0cdaeaec8a31f850b0cd070d8
air.com.cepall.fantasticpoker-1000001.apk,70a6d9585412a0f1b5eb821ace0fd42c
air.com.cloudkid.negativenimbuslite-1000002.apk,4a2c77ac1bec5b63bfcfe6d5727cc473
air.com.conaculta.artes-1001000.apk,3039c5b091c396dda2ae9c99e807c6c8
air.com.coolbuddy.crusadersescape-1000003.apk,798c37986f962985ec835f5cdabbe792
air.com.differencegames.halloweennightgoogle-6.apk,b9a55bff18800d9032e38b31929f80b3
air.com.differencegames.hochristmasinjulyfree-1000012.apk,10474943e06f1ae795dd1afb98424b3e
air.com.differencegames.kidnzombiesbuztime-1000029.apk,9619057d72f7b93589aeff2eb3b08a9a
air.com.differencegames.oceansunsetsjigsaw-1000003.apk,fd7e0e621f88efcc9269be90543349f8
air.com.differencegames.puzzleswaptrailfree-1000005.apk,09e7f3f57a0afd15f4a7f743f27a6e4e
air.com.directiq-2002000.apk,44050ca8f58a323c08ed095a7959eddb
air.com.dressupone.smallpeoplehouse-1003000.apk,94cd5de2009f80d9cbb42d04e6933515
air.com.empiregames.policerun-1000001.apk,3cb57641d17eae248b97d8ddb6f94648
air.com.eni.JudyHospitalSkin-1007000.apk,d545405049593ca392b7d3a7186d8d55
air.com.eni.nhn.JrLoader-1006000.apk,18a1634c582e0cd5c851f6cfb545b2e7
air.com.fxsecltd.A18fit.a1-1000001.apk,7160d3f7e93c3038478404a1fde68b1b
air.com.fxsecltd.formalab.a1-1000001.apk,8181995253d4b0d00ba4f7e38d0eed4a
air.com.ghanacartoon.GhanaCartoonLt-1000004.apk,bab51b0675de6455e0bb0724fae0033b
air.com.gmp.onceuponalightff-1001000.apk,f8f04ae85aa9e7a446ee4a05172682d4
air.com.GoldCupGames.KitchenCatBlueberryBarbecueSauce-1417000.apk,c313039d80a4186f2fb107d49f6bb3d5
air.com.GoldCupGames.KitchenCatPeanutButterMuffins3-1699000.apk,14927fbaab27add8553e2c8f2076da79
air.com.GoldCupGames.KitchenCatPenneVodkaTomatoCream-1176000.apk,9d9fc8883b16742ca01b937c52f125cc
air.com.GoldCupGames.KitchenCatPennywisePorkCasserole-1204000.apk,7be3ef13c78a94233afd0f8b3215395d
air.com.GoldCupGames.KitchenCatPickledTurnips-1666000.apk,ab8f8bb3da52f24f1b407d3435d69e30
air.com.GoldCupGames.KitchenCatPistachioCreamDessert-1123000.apk,3e0c620f455221e904a6c500704e7492
air.com.GoldCupGames.KitchenCatPizzaRusticaGrottese-1237000.apk,d40f2f5e6a2df778ea5a3da80e42212a
air.com.GoldCupGames.KitchenCatPolentaWideMushrooms-1492000.apk,cc894ace3efe7bf88a0e31d52acbd5f6
air.com.GoldCupGames.KitchenCatPorkChopCasserole3-1790000.apk,8ad8957b0ae7d3fd214a7158d419b2e1
air.com.gplus.catVsDog-1001003.apk,5701ce0f2cd3a521ffd4dfc1a9139c9c
air.com.ideastudios.sugarsweetspadayfree-1000000.apk,1651a011e0278de81bc9715fc4c33d57
air.com.igg.perfectrainbowhairstyles-1000005.apk,d249459b99dbefbfcef3fccc4a7edc95
air.com.iurinery.kirecolor-1000002.apk,e43206b23c91771a881a4b1954a2419d
air.com.jonas.TapDoctor-1000006.apk,a90318830687b2f746364bf46cd60c24
air.com.kgo.Cocomono-1000001.apk,097671c6e9154e4bde5b4273407a7d6b
air.com.kidsopia.petrecerea.hu-2013083.apk,1439466d9f09bdafcb38f27d2d8e5de5
air.com.kidsopia.potgen.es-2013047.apk,a48c3bac42887c60a133a8286c562346
air.com.meineapp.fysioactief-1002000.apk,3eaba67ace2b96855b836450409aa824
air.com.mobilestudio.soldier.on.duty-1000000.apk,951d5165978135db6c8e27092103534e
air.com.musycom.NotasPianoTeclados-1000003.apk,86ba7f902dd613b897fdcfb4d1e258dc
air.com.musycom.PlayJazzDrums1-1000000.apk,9895b4bcf2367c0c425b8241a0fcd61d
air.com.nagarainteractive.merapibird-3000003.apk,ca4ba83314a921ab65e8ba462de38d46
air.com.nan.AtTheClassroom-1000000.apk,b3156d8c3b6d7a6860c44383d7e78dd6
air.com.narviamedia.ballneticbillar-1000000.apk,ddfcf704b0aab0f16860ae9bfe46c5cd
air.com.netbil.pintando7-1002000.apk,5b8558751047d67d217c1bba887d4912
air.com.ong.HeavenlyBabyCare-1000000.apk,ea97ec7152f76394867f6377bd9f96ff
air.com.ozlo.games.Balloony-6000.apk,144dfb2ebdea2891210e5c729001dd6f
air.com.petitfute.tourisme.MagasinsUsines-1000001.apk,47e28e6385b0151014c7a73845d70613
air.com.promoinvideo.lapalma.chairs-1001000.apk,dacdab3b0ec6011af5b98fc51163e53a
air.com.rutcapp.RUTCTalk-1000029.apk,956484d47ced9e34ddfea3a52df4098d
air.com.sensationalsoft.curiosity-1000007.apk,bcd2d647ef8e03a53c9036fedd8324af
air.com.simianlogic.breakers-4.apk,46245bddb4c19b7056f52ab33cd36b3f
air.com.slotbuster.mobile-1002008.apk,d359183daaf7ec5d889bf3f694745a17
air.com.stacgameproject.A1tango-1000000.apk,53ac2d2a6bc159d9dfe3f173a3b631fe
air.com.swlp.swlp4.home-1000045.apk,c8320d33b64aed5df4af3e403f33ea30
air.com.tamalaki.candyravehalloweenFREE-1000059.apk,084a34673806fa4527d3613dd0ab5199
air.com.ukeypad.keywordn-1000006.apk,1343b85920d90285c4e4e7fd389e268d
air.com.vanguardia.reportero-1000000.apk,66a8c896f3b98a98134760bc3f32e845
air.com.vgv9games.PrincessPartyDressUp-2000003.apk,213298725fd5454d8e03f878d7988284
air.com.voidelement.BulletClock-1000001.apk,d5a27056f7580b1ffb349ef0a292cbbd
air.com.voyagercosmos.news-1000001.apk,8cc79e9586fbb6730246bcc242b52108
air.com.word1004.aMword1004Level07-1000006.apk,f3d6da4752ba3840294057f4512a8677
air.com.yudu.ReaderAIR3120491-3018000.apk,1628643f708174c044f159a5e368f4e1
air.com.yudu.ReaderAIR3350902-3022003.apk,c0f156a7a3820a166067a6b971d45932
air.com.yudu.ReaderAIR3362065-4004000.apk,c01cbf77ee36b708defb36f718218fee
air.Cooking_Game_Garlic_Shrimp-1000000.apk,362d385566c1a521035741b9b19505bf
air.cz.brainzmobile.husiti-1000002.apk,9452b01dcc651d90f71bee134eae69ac
air.cz.cfc.androidgp.AbbyBasicSkillsLite-1002000.apk,d563d88e79c37cf4a031400b1687e600
air.dda.OFL-1001001.apk,544a17dde41a95439cf1f6ab1147c9d2
air.EdmontonCatholicSchoolsDirectory-1000001.apk,fcd57665b30eba452ed4b7a12ac44e7d
air.EscapeFromToilet-1000000.apk,0a1d4b59d49f39cc0d5aa6f814777cc1
air.GoShop-1000007.apk,6e1e537e232602882aa8ad6b8aeae127
air.Guess_sudden_change-1001000.apk,9eefd2162593a3d27430ca181a59b264
air.Hajj-1000000.apk,6f4ad5269b52665e9ac0eb1d29600b29
air.HalalHaramFoodGuide-1001000.apk,c4172b4afb350fb57dcdcca3f21853be
air.Interface.InterTrack-1000018.apk,2afe419cf1d6b473da017093283987b2
air.intollogy.retweet-1000001.apk,456212dad7a0d00b4e46faca8fdbffb5
air.jp.ne.hap.timeshock-1000002.apk,d121108dc69adbc00f389d124bf46ced
air.justgirlgames.OscarPartyDressUpGame-1000000.apk,9b488bd003886eb23b680fe41c6b7f87
air.kr.co.apollocation.Kikiillust-1000001.apk,7aec69045a0bca74f95ba3628b08c897
air.KrisLee.BabySevenForestAdventure-2001004.apk,828008412931c875445bd8db3c9f595d
air.lxjl.com.Fashionshow-1000000.apk,d3f68f2b528c9d8b62ca323abb80c302
air.MiceVsHammers-1000000.apk,f6b4fa3736758c844d03f03d058dd685
air.MiniFreeFarmPuzzle-1000000.apk,b3554ebdbf78237657881239ef9ea0b2
air.mobMD-1000001.apk,59244857a37e27fe12b1954bebed4511
air.MSyncView-1001006.apk,665eb7d241e6385184364058d203c723
air.net.charroom.kouinu-2000002.apk,29b5c9461b565370df45a991bb0e5149
air.netigen.mrhamster-1004000.apk,c69c07b4b69e96396062e2b019d48d4e
air.oldstyleroomescape-3000000.apk,3ac068950ded83fb58e384b0d0a3f94a
air.OlympicAthleticsFlyers-1000001.apk,d3f6415caa42752060dabb5b25b4e36d
air.ommaapps.sbirds-1000001.apk,e4f274bce3a69dd0360bf9122e922a5e
air.org.innodesign.Polygons-1000001.apk,44a5596e939416ca2ea9b2378776413c
air.palfad.a7bhhf-1000002.apk,043e2da8a3206325c729c0c2b13fbdbe
air.PinkAlienTransplant-1000000.apk,2940a764b8ae7fcda9a4111d1654d34b
air.pps-3000000.apk,e52cbc22ce21746f01609490089b8957
air.pt.fullscreen.scoresinplay-1000000.apk,791275e33b7e63b8cc9a31c4989f7647
air.reydecopas-1000000.apk,eb68bcca7ba3abfbb23396a8a7e996e6
air.RJump-2000005.apk,4d1ee82e2ba5d568a4494188f735c93a
air.samuraivoice-1000001.apk,c1c4a2d71e56db10a4ce2541fe475d40
air.shojiclock-1001000.apk,156e41bec56f46fa67d2db0b5a476751
air.Siabas-1000000.apk,3c07674a65fb41313438b6aac9ecd036
air.SushiDojoLite-1005001.apk,ceab79d1d61fe4d3f5f8dc10bcadf77b
air.swimsuitgame2mobile-1000019.apk,f7793b73787573a48d34b90c3287432f
air.temizlikOyunu-1000000.apk,c921fc3d1884056f9f90b346e7fac977
air.Tiny_Room_Escape-3007000.apk,99f5c9af4ecd3ac2e1f362dbc000bc93
air.tw.cameo.HsinchuPoemch2-1002000.apk,17d8740d2593bb331816fe1c0e1a3a13
amazing.monster.revenge-30.apk,6d78962af2b1deb142ae167fe33bee67
app.game.spinchallenge-5.apk,4354c758d4e6118f96a9b3de6c9f569e
app.secondscreen.jumpornot-3.apk,486a4506789893a3461993804125bf3e
arrasol.banga.banga2014-8.apk,f08150e59a8d64b729dc00b6b2271a05
at.appwerkstatt.p7996ae-9.apk,d5cf67c175d563d07220ae488355c621
atv.racingtanks.com-9.apk,9f133f5850827c2f45f9a2bd4486801b
au.com.entegy.aipm2014-1.apk,9519832e274546c20ddeee1747a4c1bb
au.com.entegy.boom-2.apk,4c1333d9e43626bd9db8fed08d898231
au.com.penguinapps.android.beautifulcontractiontimer.app-5.apk,cf7440119ef0c7e3af5e4dde98cf750e
au.com.sightwords.parrotfish.lite-7.apk,e7dabfd48445b49523022e8916a166bd
beautifier.mobilechamps-4.apk,97ef4b6fb021d25c097550c46ad6b43b
be.logicimmo.logicimmo-1494.apk,595386bb7f750a6af2b9a305be9a691c
bgbk.bcon.b061-10.apk,d3d44507ad502e7fa8dcb47d6527fdb6
bgbk.bcon.b077-10.apk,77dedbe33194a616739eef21e609dcc5
biz.app4mobile.app_007111a68ea64142a422b3dd93829e44.app-5.apk,2cdb71fadcfeeab4788aee5863edd1e1
biz.app4mobile.app_8a9066a510e147bd8f8171ed2a51f899.app-12.apk,e636d6b4fd4e99d79f2cf84971ded1b6
biz.iini.p8705hb-6.apk,b05e7d5b58c5a9c45e058f463722404a
biz.stachibana.ae.snow-2.apk,124f89b6ba27d6ff88a4fb2d84d643e2
biz.weirdscience.sheep-1.apk,e6177e8ca98b4eecdf9945c173d017e3
blueoffice.app-21.apk,ed608ddb9d0b2dd4cea61e2b183b3d54
bluepin_app.cont.maplestory2_movie_kor-5.apk,146a5bd812a5e59afb8b96788261f900
br.com.maven.rnti-6.apk,1525e592a2ebafaef030a11ba8a9f319
camviewer.mobi.for_mobotix-7.apk,009dd485a9d193eb839408e7d908db33
candy.princess.game.flying.floppy.unicorn-2.apk,d33cb9c2091060b2f1b5711763c8486d
caronetas.mobile-204.apk,ff609d6050a774e5e0ca14af26e0b075
cc.conference.eugms2014-1.apk,b7e861199ec9808612d7d71bbe332974
ch.innovativeweb.icmsapp.duebendorf-12.apk,4bea6d10739a4e35e409058d5cc3be4e
cl.harrys.docente.libro-9.apk,e74354f992d3ec48729a8496440cdf92
cl.ideauno.otic-20108.apk,2600354d875fa2da122d7707aac26031
cn.apps123.shell.haoxianggouwu-1.apk,d1556ccebdbfdbdb0bd948eb56a3dc88
cn.apps123.shell.shanximiaomuwang-1.apk,1f82549179075f5c390630dd58b9c2a6
cn.chinabus.main-1119.apk,3303e0294bdaa078c57457503778f66a
cn.edu.njnu.zsdx-1.apk,0d5ea167bf1ccb26b67356082d139d62
cn.jj.poker-11323.apk,fedfd07881d56e5578f95141f822685a
cn.lextel.dg-212.apk,b6d3202e4078c7f61825b79e697f01f6
cn.topappmakercn.com.c70-2.apk,ce13946eeaafa13d161faf44e7c1c747
cn.wintour.dossm2012.csjygroup.android-241.apk,63e41692207d15904b5c0bc6dc4d9404
co.hex3.apptagarcade-4.apk,1c163b46548781626f95b47998248e88
com.aag.a00001156-1.apk,49badc0ca9234e47589dbb154113a894
com.adrenalinekilled1gmail.com.beatthecountdownfiles-11.apk,b0b5478a9b021156c13fe5884252a6ae
com.afssoftware.LuxMeter-3.apk,a4922313d5473735307306459a06e10b
com.agkapps4u.moonphase-2.apk,61df9e8fdda9609c780e55c8b813165a
com.AGTream.AppBaBa.AppBaBa-2.apk,de1af40963c8f6412cf40dddaa416b1e
com.aiaracorp.orangear-231.apk,7e95c0e849ec20e1978ea05690e6823b
com.aim.racingmgt-2.apk,9a35c20433117090c208a55e3aada67b
com.aimsparking.aimsmobile-137.apk,743d67eea3ccdc6787e8147012bd79d1
com.airkast.KBGGAM-43.apk,00d5ce977924df819e7e31ab06951133
com.airkast.KHKIFM-43.apk,3f87a325f8e567cf1d1fbcc9a0391580
com.airkast.WBZDFM-43.apk,5b672f07f6bd52ac0007a8ef399312d8
com.airkast.WHTTFM-43.apk,6d4d6ef885876a8ac7bd3b3bb27a9641
com.airkast.WMXTFM-43.apk,29df7787c952c2baf10260ecc89676ae
com.airylabs.games.miniminute-5.apk,8fdc0eea18a8d21cdc85349c44998b1a
com.ajwa.snowhillclimbing-5.apk,e56b7aabc67f1f1a0a702b99f1413f49
com.alborgis.altoagueda-9.apk,d8b8761bb020ee5bf28f010e0af7e74b
com.alhogames.shfts-1399708559.apk,a12eae1365e1647acc1b41b0d7431567
com.aliarmsdq.bd-4.apk,fd37c11bc768cebb832051038065b804
com.alphabetisland.lavabean-4.apk,d281874c585180ea78c5be39f82ae6df
com.altobimedia.dropthefoxfree-3.apk,1b84ca10be75aa8c8c404f16903475c6
com.altova.mobiletogether-3.apk,9d880d82a174eca1683534f1773332e4
com.ambimartinez.platanocopter.code-3.apk,cd045ae1de2972a29dee688751bae82b
com.And.Crazy-15.apk,da59e229b4fc6bf9db0ff4fc97f9db1c
com.andnetqcheckdemo.callture-3.apk,d9a3fd76733d44236289874b83a73e4b
com.AndreVitor.QuadWind-5.apk,97eb7b4f029c09cff025b2f6ae8113df
com.androidsx.heliumvoicechanger-11.apk,35b4f8300dfe8cda650f01329e4524fc
com.andwhatnotstudio.sec-1001014.apk,162ed408712ef1dbecce57652b4fcb87
com.angelanlee.lulalib.mathninja-40002.apk,6b01a6ad0356d2fa7fc3b80a0d349bd7
com.aoandroid.jiuboo.AndroidManual_MS-1.apk,ef57a34c79c76415eb0c9f10feef6ff2
com.aompayu.freeguesspicture-10.apk,ecdf3361c3bb69e36c072d13c249facd
com.apazine.chirp-1.apk,4a129de679d6fcaa41247721051678e7
com.apcurium.MK.BLDurham-66.apk,49cf94950253f8f631027c6b6098c603
com.app4joy.colombia_free-261.apk,5f16c28bcb07b79b57064aba177ebb7a
com.app9aud.gardenpopmania-11.apk,f6e193fb476eb1aa7add8bcac02f4916
com.appbuilder.u30642p52615-50.apk,7fd127862e11dcf4e274d9f40ffbbdd7
com.appmachine.p1853EG-2.apk,53b893401968a13367bc61c241a88757
com.appmachine.p9519HC-8.apk,4841398a32f53233fde6ca3a05413ec2
com.apprope.slendr-3.apk,d584a7ec0b93405261b009991b2bd54b
com.apps4Books.plant154pdf-1.apk,27e2632a4eaa4a0bdd23b6af7a38b63c
com.apps4Books.plant195pdf-1.apk,a19e18ed22ba8bd4ea5c21b615197c1b
com.apps.apps3a8be01f3a46-39.apk,06185f45a8745d35e1b000fa0ab7a2fa
com.appsministry.litres.book122202-300.apk,83f54fe39c2051c5f8e6b48fd40498c1
com.appsministry.litres.book6130188-300.apk,3349182655109a3ce3e1ee9e843222e4
com.appsministry.mashagame-12.apk,fc93db9adf8d33b135960059a58f46d3
com.appspossible.minioncamera-8.apk,c3f1c309c2515055cf970c5c7a6f6d8f
com.appspot.swisscodemonkeys.pirate-4.apk,2877fe2d0c6eda42d9c327ef00960255
com.appstar.p8857EH-1.apk,113e82dd521cf6ba14b2f4f3a71f54a0
com.apps.thirtyseconds-1122108.apk,3a3fe6911f11d4be4e1b9c6061a8a579
com.appypie.appypiee52429446bcb-15.apk,b5cdf3665b81322719f2173f1cc1becb
com.arcempire.FlyingWitch_as-2.apk,37bb98ce86e5a64f06df90d56dfa2aab
com.ars.homedesign-1383862079.apk,46caedd4f3a76af4aea041684c587089
com.artand.beasts-1.apk,3089a962429c8ff619d6d926876d3b17
com.artbit.symone-5.apk,7ce255f38308eec25f3dba4759595b06
com.arthisoft.catbeautysalon-28.apk,fe3ba0f5d936f80d26527e305df107b8
com.artoon.blockcrush-8.apk,6dbe07203d85639a5a41fa7888de4492
com.artpigsoft.ArtPigViewer-7.apk,7c9709126665d300c15c5b059ead159d
com.asellertool.fbascan-66.apk,7448a35557049c5a5b34e0856ba26d1e
com.aspectgaming.mobilelobby-6.apk,1171d19976c1049990e977abc8bc3922
com.aspiro.wamp-518.apk,0f529e15f2f85f826807a6aa9b229a64
com.astro.ohmyenglishwords-1000700.apk,ce3b2f94bad6ff8c39d4ad1766e31209
com.astutegames.spheresreimaginated-7.apk,65f70a0ffeba19dc8e00f27b7bc4b39c
com.atlantis.KanaBlocks-1.apk,44e0515cee31001d3b79a33b0a9aafe4
com.atlasapps.enfuegodroid-1.apk,ee7cabc426c71f17218ac8a45720e5c8
com.ATsolution.DSTStock-22.apk,340cda68624267f2545b701ebfe50c22
com.aurasma.skinned.the_9s_access-1016453.apk,f17e134379b51d78b66be26f89817b73
com.automon.game.shoot.duck-3.apk,ca2df1ef48f36121038b38467aa36a65
com.avanet.premioggm-2.apk,a9144d970c2ed94ad53f1aefa2db244a
com.AwesomeApps.Alex-2.apk,e7d3613c6080d2ada70e08adb9ae125a
com.azamat.beetlesgonewild-4.apk,ef81cfbf459c97be0c4bc991ec9260bc
com.backgammon.activity-3.apk,5f22a9998d2aa020995ca9ae0f0ab274
com.bai.androiddev-88.apk,440ef640500aba23f7b8b3fd4b1375a1
com.bang_olufsen.BeoMusic-48.apk,919703871025f5af4365b43733f0845a
com.baryga.bablomet-12.apk,69deb556dd254f295d274c266df7b9a5
com.baseteam.deathmatch2-2.apk,9658d12362e53f1bf33b69c3a66b6dac
com.bauermedia.de.epaper.meinemelodie-10.apk,84ea2927a4f80f0bcf9892179c44bf46
com.bbs.radio-3.apk,54e9d969efaaaeeb9144931d6e632c6b
com.bccard.bcsmartapp-91.apk,84521263860dde5b62e774ad76fc4e06
com.bekam_guide-4.apk,e567aa336e507094bead0c18d75eea7a
com.BERRY-10.apk,ca8ceb9d28355640c7bc4b71b437680e
com.beruprojekt.com.euafrinvest-1.apk,60b9d1cb7a18a3f2f2896b8f88949699
com.beyondarts.app-4.apk,3351e7f650f62bfcaac2827a29dace79
com.bibbud-5.apk,82e9d7e49057b4ee94f46b45f94c1024
com.bible.niv.lifechurch-1.apk,05f771b748e1a9a7ae966c4cd9310c68
com.bigleapstudios.museumquestfree-25000000.apk,d12901a722ab70a53259ec7cc0748a9f
com.bigleapstudios.organicfarmingfree-25000000.apk,f65c6ffae0d0725a975387ab04452f72
com.bigleapstudios.themagicwandfree-20000000.apk,815eef9a489cfaa42363549f6810794f
com.bigtexapps.android.rnr-2.apk,62b27f4ac918c9e3d887ded54a4a5bf2
com.binaryfabrik.estacionplus-9.apk,cbae1fa2dc8e96892664fd812dda8a10
com.bittales.violetaconcert2-4.apk,ff493c900c535e4e26a7c7b6f9878650
com.bittorrent.client-134.apk,65c362099931a100f053bf25d19752a8
com.bizzio-4.apk,bfde3e9306019b3c0ac6ba7293269776
com.BlackLotus.AnimeStream-1.apk,da466b288bd865cb7a4184722b1cbd95
com.BLA.fargo2001mobile-101.apk,fc4d2e45988a1052e3411fd532fefcbd
com.BloompixStudios.LoveDeception-4.apk,45ab23a0cbaf2120fbea63ed4a489568
com.bluebridgechurches.fountain-2.apk,4baa797ed164457d8c0e949eff9cf7c2
com.blue.fox.IrelandRadio-3.apk,ab688d2a22d8fafbc20c3cacfe0cdcfb
com.bluepololabs.citybird-5.apk,fd0f7db9cf095a954ab828eaa2fbc11c
com.bluewire.PandaLightFree-1.apk,b13ed3a3697957f61f2cb7cc7531ce0c
com.blur.fairytailbook.en-1.apk,0a9fd51ede511d0224914ef2c8a5c0b7
com.blyts.greedyspiders.smash.free-1397233280.apk,c747dcba2b4b2eea3fe2f03c4a159953
com.book4read.book199-1.apk,2fb01c9f9606637a3ae09c790e449726
com.boolbalabs.voltage-24.apk,051c480ad4f4254b9d450be742a61e7c
com.bouncebouncey.bouncey-3.apk,8ed17cf63237a848da1319f59e2c253d
com.BouncySpartan.FighterFlight-1001004.apk,ac5b209a07d490ddc43ada26be3f9006
com.bradleywhite.goterry-84.apk,156ca4444b446785a9809a458818185d
com.braingame.iceworld-20.apk,81a032cfd7cca5ef9b1f982a3fd05d5d
com.breakup.survivalguide.AOURICEGXVMBVVZUDF-2.apk,68d1fd8ebfe828f354bfd2cad222075e
com.broadearth.hello-2117.apk,f09efff12cb031eb40b6a73e358f6f8f
com.bscotch.freewaymutant-1000002.apk,83cc0327333f4cdf9e59ab4a1df032b7
com.bsktinc.flowconnect-1.apk,e6d5032b23829c6727ff59503f23c325
com.bsoftware.weedhd-1.apk,4312d49b61f51e5a3c948846a7add07e
com.buildabear.merrymission-3.apk,3497a4cc5c9ebc52a2438c05bd846b2c
com.bula.bula-23.apk,d04c0ecc9a5d5544b3ebd90ce0926b30
com.busuu.android.pt-57.apk,4fe2d35ad9b09fd4dba7b9d4a90ca15d
com.ByHumans.GlobbeeFree-4.apk,cb42696421893a194ba61f3276883037
com.cadeli.mpcdl-18.apk,fa9c00f62dc7f7fff345a92306d34522
com.calamitygym.android-20.apk,7b5de47c4c6bfb7e0200a08950330cc0
com.calidabrisa.debris.base.android-3.apk,3affc6c7d54b76cd94bcd3059e8b826a
com.camera.simplewebcam-4.apk,99631d6e6b0d4c36dc1eb2b35a290dcd
com.camineo.exploralite.woodsideEN-6.apk,a68c15fc26eb5288c2eb4c16778bbfb0
com.CAPSUN.JigsawPuzzle-1.apk,750d9a40c56483342a9466398c6fb8f8
com.car.battle3d-3.apk,96b2ca7d07506651a87ffc819754973a
com.cartoonpuzzle.siberianhusky-10.apk,cbc1cdf16061d649897ee66e4176c2bd
com.catalystapps.shufflefreeplay-1.apk,3ae804de0da6ad267778b8481d68e178
com.ccbrothers.MixWordSearch-1.apk,4c0c8087d9059a5e739e27fbda2d2b79
com.cewidex-7.apk,983a85a649170c893bcfb33c724851dc
com.cfinn_adaedge_mygbiz_com.U_DOC_IT-11.apk,e4e31754c6a551dc184761bfee1de27f
com.cheerforschool-1.apk,378260cd4851f792afe3eca71a0ec56f
com.chessitch.chess2D-1.apk,0f2e8b63fe0d1c1a46d9ca8327347ab8
com.Chorrus.SwingSubmarines-1000002.apk,dd6020cd7000b744a02410a23b1aa197
com.chronotext.WordSoup-3.apk,25d6e4f2866391d88d4e9e92189adc08
com.cinargame.rookiee-1.apk,aedd29e6be5dca06ad9ac72a0bcdd288
com.circlecheetahcat.shinitagari-4.apk,3c06a17ea8c7f001990aef6aa6776d41
com.classeven.downhill-3.apk,5fa20e2a49f761ace32e18dd689d9d30
com.clicknect.android.urbana-16.apk,886327adf64e834cdf991bcee4750216
com.cloud_inside.mobile.glosbedictionary.hutr-37.apk,6657b41f03f6a70da821c9c07709e99c
com.cnh.android.activity-6.apk,e72add151e8f814d454c6e39f1bf3f4f
com.codingwater.trickortreat-1.apk,f41781982a76a0e9c81da8a505fbda70
com.comboapp.add6-10.apk,ec3f7c85062569492ff58d4288ba5eb1
com.commotion.CIHT-101.apk,d9b1addf70cec5773a71ce27c4dcacf0
com.commotion.HOT1005-9.apk,a3165a9a80223beb59ccb869c58c6a27
com.companyalban.shiptodd-1000006.apk,4e5a3fbd273bddf4b36c6ac4fd27273b
com.Company.LGSpienceEn-1.apk,9a0e743780b08cba72279672eecc607a
com.Company.soroart-1.apk,c06ec7ed0daed3af0192caf3bb915df6
com.Company.SunnyLine-2.apk,5c88f9dea13f2d17be7f16dcc767ae35
com.Company.superpong-4.apk,55a3c309742a7704762928dcc3f41669
com.conduit.app_0143bcdae0b744768f428304cddf70e6.app-3.apk,6743d800cafe94f21c93868c50912319
com.conduit.app_0b188549d2354bbda33081180d9185b6.app-1.apk,8dc1dd049666a4a90e5b69aed48546ae
com.conduit.app_1815f31c3d2c416aabd97bd06d9f1b23.app-22.apk,a9fb4ede766e0d1a391972c6aede5eff
com.conduit.app_260db6c017944a1cbb7720b2170aee4f.app-4.apk,94162c44530c504818276bf84aafbc2e
com.conduit.app_2d00a192bf044f879c5ab87cd55b0550.app-10.apk,e46cc4908be793ece7314d5a4e516296
com.conduit.app_30bb790757444fffb15281470a71325a.app-9.apk,f2a17811b6997c7088aa4a04338bd787
com.conduit.app_38cc7f7029f8403b922695b3dec38d65.app-16.apk,67709055d4e076611869a152582216cd
com.conduit.app_395f552fb47245359268ab423495e0b3.app-5.apk,4514b987a61916086c58cf43b86c8653
com.conduit.app_3d3fe7f52449445e9ed29455b8b551b2.app-17.apk,5a285a04aad581a9cb5270296e9f9cd6
com.conduit.app_4545a9d41b2f4018aac91ddf02e8530a.app-1.apk,28da2691c66514fd6bca38aa077b0b4b
com.conduit.app_54bbb0367d974ef3b53f1aa7bc4b6647.app-1.apk,e9afcdc684effafa5024a885b7953a43
com.conduit.app_5ded27859ce5487bb6fa51374d810ff5.app-3.apk,4c8f88c8dcaec2a7637888801df52f9f
com.conduit.app_5eb74108d62a4229a1f81e75e8825ca8.app-14.apk,6a554132fe45d839c3f17a24c261d110
com.conduit.app_6c0ed1ff1d8c4b628346466a6d99522e.app-4.apk,4ff3d42f3636e03143bc476ee2364027
com.conduit.app_8a9df0d95a15492bbb9103298a8348f0.app-17.apk,ef4d8bc26f65c5de26f6a8933ba07a9c
com.conduit.app_8bbbbcb741034b199f170e5dea29a203.app-1.apk,9637f3cf517db797c9329fada5ff61f3
com.conduit.app_9d00af50eb7347d49b480fc66f1e0a26.app-10.apk,6b8b396cf32f12ca428a7213c4febf65
com.conduit.app_b9f2c3865a984333a770a4585ae4be25.app-3.apk,d05d77115c55df12093b00c61863f1b3
com.conduit.app_e8d790dea31b4861af9d3ba118038eb8.app-7.apk,dd64586a93e147c4ed1bfc351a8550d6
com.conetek.fruit.frenzy-4.apk,d46d5fb82b283c6185db4b149b642ae2
com.control4.app-14.apk,437ef9987c995efbd056b14e88edafd3
com.converter.asfto-1.apk,75d2cfcf38f142fb2159901ffe68c720
com.converter.flvtoavi-1.apk,105664cc148f08e744c6afc1717c4f09
com.coolasia.ca-2.apk,b5c7982115d7218a4e4718d284515c64
com.cool.copterEmoWar-10.apk,5b4529a7cc664d82d620858822dde604
com.Coolgames.ShffleBowling-1.apk,6f35f22349c7ab9cf5d6bae893f15959
com.coolgames.zombiesmash-1.apk,c52c674461b15a9cd17d6ed0f6138a65
com.coreapps.android.followme.asbdc-6171.apk,dec425350524105cfdcb33ab9620b319
com.coreapps.android.followme.scte2014-6173.apk,5ebef7b0b4ac7c2228ae73267d59a95f
com.corilouapps.purpledragonlwp-1.apk,f0412422c71a2883a118af2b0ced8ac5
com.creatar.xplorarLR-39.apk,fefd4dbeb1d3690d5e580be4017dee9f
com.creativitality.labs.graspTheGalaxy-10002.apk,2a0879df1aaf2203967d5a921738ec56
com.crossfield.casinogame_bingo-19.apk,9db6f3949317f9dc35a51a008774f096
com.crowdcompass.app4CzsYAkhcC-1116.apk,728f775e5ba6fd3ca2d752a7f81cd217
com.crowdcompass.appGcjbB9VmTR-115.apk,1b289855a81a32459fa70296d3bf105e
com.crowdcompass.apphmLO8S8MIQ-1110.apk,358b4532f7d4d4689338bbb8e393807c
com.crowdcompass.appIxb7iSDFw0-117.apk,19dda7090fd91be9fb5a7b8aae453be9
com.crowdcompass.appmD09POHbpg-1127.apk,b40a8b157785f8ce8972efd9ac10bc35
com.crowdcompass.appMG1fxJYFdx-116.apk,a92bb14b0862a5569ba5f2daa7f604d8
com.crowdcompass.appQ4IJOup5dx-116.apk,c4da279f4b289418422fe26fbada943c
com.crushthecubicle.CrushTheCubicle-4.apk,165674844034eb344609308c383f7ad1
com.cubeapplications.golden-1.apk,c96996d9c0226e0cb102363fafb58f64
com.cuc.miti.xinhua.tablet.xmc-6.apk,507415581e0de278eb5d541531a0bd64
com.CurtisLittleMedia.CaveIn-4.apk,268d826878531e6c2c5b85423582de57
com.cuzlu.games.rushhour-13.apk,c8c3bc8e12ed1434e7cffbb953b6a1cd
com.dailylifeapps.actionrebeldude-1.apk,8aeebc07b03d05ac26c40d8461b78379
com.dalivsoft.spider_catch-1.apk,4e3d727ead3126b1785a7182a4e7fba7
com.DanielEverland.MelonClickerV2-11.apk,42eab48fc4b05e56b5d323bf0d24a16a
com.Dashieldboyz.NaeNaeFlashLight-1.apk,26ee23914e638285ba79ea7c7fd541b3
com.DawidH.StarvingVillage-1.apk,73c9c529b83598c2db834e7d3cbad88c
com.ddag.cyclelaw-2.apk,4b055491d6435074afccbff6e2172364
com.dealerphone.groupebarbier-4.apk,4f8397bf3b6c62a2330703c9887ff549
com.deansoft.singnshare-8.apk,242d66356e31826d2a9df67e822c34cf
com.debia.grallionair-26.apk,bc7594267944f0c9b311e4a8c7362486
com.deepdivemedia.newsbreak-6.apk,a5a40424135f199f4c771e1a5b74c55d
com.DeltaEco.GeometryHit2-2.apk,8cbf4faead02ed2592822bb51b53d021
com.delucaunm.edu.finalprojectcastrom-12.apk,371041a5a46e3b0e8ec274236a76c108
com.dengames.zombiecat-7.apk,89abaf79925aa7e1c112df3745d3df59
com.dentist.gamesforkids-23.apk,f0a116396e27eea6358b83cac38207da
com.dentsply.byyourside-2.apk,0389f33c26d14b449c40d19be2fd7151
com.dev.noifish-6.apk,409ed8ef3a307ff929d28575ee03ea69
com.devolver.sskafree-5.apk,3517bd84be29d02564372a4c3e3b8e75
com.digidingo.grooh-16.apk,eef5d4306c1b09e81fada35fe4d1c315
com.digio2.carepalw.mhealth-10200830.apk,aafc028ca7599382a713f79ca2761dc0
com.DigitalNeurosurgeon.SLIC-1.apk,9bd8c17690637590c490c5edeb7ccbeb
com.digitalplaystudio.dollmakeover-1.apk,e7bb750d903050ed2a9c68632a84b77e
com.digitalspot.currencycinverter2014-7.apk,c96c0d9cd88af8d06128fda536c9faca
com.digitalwolf.dronathesaviour-15.apk,d45cd845239a69f31762f4160c575bdc
com.dinerotaxi.android.taxione-83.apk,33843f950c0588c6143f515d15d01935
com.dingding.game.digit_1024-2.apk,ecd2fb690df794421926aa5e1a7bdf53
com.divineninja.color.draw-1.apk,b300a12b99cac89f28b62706ec38909e
com.djumplite-13.apk,f07a5bb928e063db786d0599f577c777
com.dm3.yourapp-4.apk,3f3c508f38c006bcfb1f2afdc6127a3e
com.dosgroup.lta.momentum-1.apk,9912529f5f64c582dd95b6c5be4744d2
com.dr.armylivewallpaper-1.apk,47652891fc412b5d805691714ee8f46f
com.dreamori.qianziwen-6.apk,03fc7a50942bf662048e40222cea4cf4
com.dreamori.xxkb3-2.apk,b2d4a8d51947cf3f1b2d3f05ea936777
com.drogo.drug-1.apk,4f444b4da9b66a86fcc472ecdf2ba1de
com.drswaity.RaginPiratesFree-1000052.apk,609c2aead5646059839dffe228abebdb
com.DruidCZ.Hachibitsu-1000016.apk,3edce827f58c504c3abeed23af4788b3
com.dumadugames.pool-10.apk,f80f018201f1d870370a585ba77fe89e
com.dumandu.rockstarrun-10.apk,cb1c6eeeac214cfb5a1eb78fec7f4c8f
com.duowan.mobile-30010.apk,0ac38bd9c856423388f0b359791aa169
com.DWorrall.AsteroidRun-1003006.apk,cee540f5538b0457a377390828ac85cb
com.dynaxys.dynaboggle-2.apk,67483869251dc3f22f963e391458697f
com.e1c.mobile.orders-10.apk,6e5a009cbbbf480831ef233abdf43360
com.e30.oyunu-2.apk,39a33265d39c8bf6f4db9cd6f43c32bd
com.easaa.e201210111718065937-5.apk,586cdd263965e3bd3ac07828b10c9726
com.easaa.e201211051739100468-4.apk,505b974a04fd3bed420493fb637b1f9d
com.easymortgageapps.odysseyfundingllc-150.apk,41691ce3be6f96e33355b93c4ef5bc10
com.easymortgageapps.stonelakemortgage-1.apk,ff4157108556d7bf1cc5e62f18ee57e5
com.ecarlist.android.truetarget-59.apk,ccf8f6b3ed986dc2c4a885e25047babf
com.EggMon-305.apk,97aa03eb6dd06e9724cf1c88cd005590
com.ehostsolucoes.furacao-1.apk,6d4e1fd51a47004a8270c78539cb3e04
com.eiffel.fireworks-1.apk,8bb7585127983ac624caebddb1277b04
com.eldersarea.manager-165.apk,4aa0726719202bde7a313e58642212e3
com.elicast.ContornoFM-6.apk,65148eb9634b348be4e07fc7dd892450
com.elicast.RadioAuxiliadora-1.apk,ad3f65bc5c790e04070fca89bdc53dd5
com.elicast.RadioRestaurar-1.apk,7c90b86a865826285be2b9621cb87910
com.elicast.tvauxiliadora-9.apk,1b9997b5f1f4f7eaedcab91fb0fe38ff
com.eminent.EasyProView-38.apk,502e794af72d1e42d65b384f7a932b79
com.empiregames-2.apk,58970cde0bc60bea40971e7d6c3c7f30
com.empiregames.A3droute66vengeance-2.apk,7b792a076c578dd6f12a3ebbb632a009
com.empreendedoresonline.paleodiet-1.apk,804d1f5d0c83ac94eb2aa3e19317889c
com.energykinetics.smartheat-13.apk,01e721653149029c18931c199dd0d0c3
com.enjoynow.TrumpetNotes-2.apk,ac176072f3974b36d5b4938766fd8818
com.erudite.languageplay-5.apk,d8c252b4f1fa3ec40c68b1d6ea02fac0
com.esentral.CLJreader-302010.apk,23349955c967ac647d24e9d226ddfb02
com.eulocal.fashiondesign-38.apk,2f4a0daedd2a6f3fedbd837d1bd38d1d
com.eulocal.magicschoolsalon-35.apk,bec5f6d9c8f3b2132c1f0aeae2ef0dea
com.EvgeniyaPugachjova.Kaklisaletatuchilas-1.apk,188c505f0b938368af583ce0cf91ca61
com.exedream.football-3.apk,8407f6d33b50ccb1c7885f6f1beea810
com.experian.ais.mobile.android.consumers-4.apk,0766b0810a44424eec44e38df22267ff
com.extremegame.flappyjoint-3.apk,e783ec826e3f67667a9af75735402204
com.ezcustomapps.EJ0EIk-20.apk,aaed3115239533702dd8c574ac4c22ed
com.ezdtech.Annot-2.apk,8df1949657995a64f2c8fedcfc17f96c
com.eziktek.valeparking3d-4.apk,90da44c373a927dcd713ffe3152dd995
com.ezjoynetwork.bubblestory-10.apk,87131669e46d32ef360f9e21d1525323
com.Fahad.BosniaRadioandNewspaper-3.apk,2e1449e3d0d3fc392e687dcff8575d41
com.Fahad.SwitzerlandRadioandNewspaper-3.apk,e5970b389c790f22ed8d5904167a3c95
com.fairus.fair-5.apk,ee987a059772e84bf6ee54897f5d3f59
com.farmersgreenwood.finance-67.apk,c1a939a32f18035cbc4a78230e4f3a64
com.fc.fo.ui-2.apk,2980ed1c53f86a63cc4fb6ddd061d8a2
com.fc.shapes-3.apk,6bed16331c6fb39de5652c6797eb51b9
com.ferisoft.Crush-1000027.apk,18db53f3628a1a0fbe8cf02615b6ef1f
com.fever3d.SchoolBusParking-1.apk,f7e37fc5e34685ea73982530bec1b605
com.fewdew.piratesofbengal-12.apk,cd75adb425fcd3b75d9ee3fc9c9e4b61
com.fingerpen.easter-39.apk,458510fd327a3334eb74e04a0e6394be
com.fingerracer.fingerracer-1.apk,ec16446342a92e669a377643f3bfca5d
com.firsTierbank.mobile-22.apk,0e20554b35e42859636f1a46716395f6
com.fiveapps.autumnlwp-10.apk,02068a7224f327677a78ff5bd6e53453
com.FiveFufFive.GoniometerProPreviewAndroid-16.apk,6fb05067b168872afaf6c60a29195497
com.fl2140802.happybabyframe-10.apk,012f5e88cb8ea5d8efa8cbe0df58e3ab
com.flappy.shaun-2.apk,1aaa042248c86bd886911af38d442293
com.flexibendi.prezgames-13.apk,492d3d3094304d174be883c604d6be68
com.fleximizer.karateGod-1.apk,1b5a3196dd9084652a8a9da0ef8025e6
com.floqr.onwijsapp-1.apk,dd81656f29273d78917f36d841f7c18e
com.flyingkangarro.flappybird-1.apk,6ea089660a4503a1e4c5876e6181856e
com.fm.fruitfarm.f-10.apk,731d88d86abfdb73eeb8afc0dc2fdaf5
com.fnbfulda.mobile-22.apk,c00306606f39f136ae147c196e4b2c2e
com.Fractaldev.Shooter1-1.apk,b7ef77906325aa692b8d0bfe5b6c47d2
com.FreeOnlineGames.SpaceRacer3D-1.apk,915074a0e6056c6706b52170d24360e3
com.Freerollgames.birds_songs_nature_sounds-1000002.apk,73d640090513b1915853aac1669f3000
com.frozax.reflections-4.apk,a51c5f7b8436f60d4492ef4d075df638
com.fsecure.freedome.vpn.security.privacy.android-100371021.apk,431b034e99d09b487468d2b4d649fcba
com.fsecure.ms.fsprotect-15015574.apk,36bfaffdda94f53df6cbd287daa86b6c
com.fujairah.smartapp-1.apk,241da7b7c11790e4576e63411ca6e603
com.fulneck.stupidquizLITE-3.apk,aff6a6671b387a79fca6209e5cdf08cb
com.fun2learnapps.match2learntamil-1.apk,8769a810d344d7d1ae4171805ebac014
com.funbestapps.armorcar-1.apk,ab73f9b6a2b402c9b33551dceb76445c
com.funbox.gardenhero-3.apk,2d5d886e5090f7f20846854866c487bc
com.fungames777.casino-10501.apk,b06366dbd19e2f81f3fcca4e20927e67
com.galaxyfrog.gn4aqua-4.apk,5de327417f0f38c4cc961d52bac69cd9
com.galeronconsulting.GfostBash-1.apk,43873cdf2a4d7f280c80bd99b5f5dedb
com.gamar.platform-16.apk,74bd7950a19a6e202138529dd102b6ff
com.gamebox.mk-11.apk,ce057b82a30c2ad4e5c8483026fd2501
com.gamedragon.flagame.glabrup-1.apk,a8a96d6c34ef1006e040564197f4ea51
com.gamedragon.flagame.magicfa-1.apk,f28aa4992ddb055581e44bf6baaaf210
com.game.guessbrand-2.apk,1bdb291842bf747138d172bc5176c746
com.gameleon.lennon.wall-101.apk,b16b285f23fa3aadd4a0efcdbb5d57e5
com.gameloft.android.ANMP.GloftPOHM-20123.apk,28a4d49b4ed41b342dad2e3ff8a9e21a
com.gameone.hsod2-11.apk,50fdbcab7dc0276ca61d3b011b2b8ba0
com.games2win.worldcupfootballquiz-3.apk,7af2ae11fa7efbe08637b5d5503a6705
com.games4kids.DentistOffice2_EN-201.apk,fa0c0f4ede5a846c6487dcc5724ead7f
com.gamesforteens.FrogBattle-101.apk,91e956e538e1ed82e3b8f1e661ae1574
com.gamesforteens.talkingsuperhero-137.apk,3b9647c56120d1b34d592757fce31521
com.games.pkb.fanneyfall-1.apk,be2e93c9a2cba850828215f220220bb5
com.gamevial.namaball_lite-2.apk,50285ca39ceeaff1fea65e8963e8fe0b
com.gau.go.launcherex.theme.fd.abby.fourinone-3.apk,e4c8ab6bdb0306a59a72a04e48e92edf
com.gau.go.launcherex.theme.xuvmfutd-11.apk,d3d852aadd3e83ca83c5cc4c2a09cbf0
com.geese.tiproadside-3.apk,b1e9278a56b9f51ecfa64488b18eda4d
com.gen4web.vsb.comsci-3.apk,547c09e0d86363b82c0cf2b6e1795744
com.geoimmo.white-1.apk,396d1a70ce17385bd6d0c89b99c1d34b
com.gevestor.ranglisteninvestor-2000.apk,2fdfc15c9b38acd57506de8663ceafd9
com.gfafcu.mobile-1.apk,a6729df8f0dc28d5dcab8c3f7ed4263f
com.GG.Handyfun-15.apk,7e40cfb9c42f36ad1f0ffbeef2de5914
com.ggmom.fruitmathforkids-12.apk,96ed6bb64b3192e052c5d63223e3415f
com.ghelfer.radiosusa-2.apk,69013a65c8dc6f578f31cacc674c613b
com.gladtohaveyou.stay-2.apk,9d18750a3efa8216a3dfb31a10d03dc1
com.glaucopercopo.app.organlite-4.apk,34fb4f4efcfecc93f5f0f7e4e7fadde8
com.globalidealogy.bengga-186.apk,a20330e4d8c9d0b0a3f8156d98a3a2bf
com.glossarium.deadlydash-1.apk,8e05a0a96f0a2e9a919391b2fe19a034
com.glowberry.rdbigraceshorten-1.apk,b88996536acefe37579f7b7ece4e0227
com.godrej.godrejeonusonic-5.apk,cf7b0c26d655ae2350dd57a7b2636fab
com.going.green.AOURRCJMZWAEJMVLZX-2.apk,e448478e18d07c87950909e52f688a7a
com.googiegoodieapp.goodie-8.apk,a6f2f6a3b9512e29eee7bf015edf31cc
com.googlieapps.baby.tailor-3.apk,eaee928eceedfaac973c119f1283e4f8
com.gradiant.svlclient.app-6.apk,faf713a9b3ccc6a043be93d748c9291f
com.graphfx.fatRace-3.apk,04d9e87ae2c6774da14c19db518cf590
com.graphicmachine.partyarty.photobooth-1.apk,3148a4a33f1061a0ff030b2aa6d63eba
com.grassgames.FreeSolitaire3D-660.apk,df70144f732ef35a3e18c3f1d9d4f8ec
com.greenies.alienfaceoff-12.apk,4114de660cae3484a70c4d877d730581
com.GreenlightGames.GoldRunner-143.apk,007d8547335d4e133d994232af394963
com.greenmango.game.monster.truck-3.apk,af5064e565450eae2fe0f18f6f90d3da
com.grm.grm2012-20.apk,7a5d1ada958cc0d90209be2e49bebfc8
com.gsoftteam.virtualsmoke-214220.apk,cb37c9dfb07f8c844c061f526d84cace
com.Guanxi-71.apk,bfc321bfefe7949137c743c7921249cf
com.gushikustudios.christmascountdown-4.apk,c4f59a595c9847856cd40ba5d1ec5ed5
com.guurgle3.app-8.apk,4d58fcf1a47444254bf8caaf1c4eaac7
com.GX.doodle_archer-1000001.apk,64b39bb16d4cc8befaacd85c17871010
com.Happyshave.TapFight-1.apk,973af424d5655fe3e266aae14a2caf88
com.hau.triangle-2.apk,9dc63212a304899bd01e6ccee1dd24c0
com.heimavista.magicsquare.joanna-104.apk,d3325521fa07cbe65bb2ee3b2de35ba0
com.hexin.openclass-8.apk,dc22a3f652618ad71f036feb8032d16b
com.hexsoft.quick_numbers-11.apk,2cd7de84ab98e53bbc52f030382cce92
com.hge.justpongfree-7.apk,5e51aecbb022c42f1c8258c36b506971
com.hiromukato.onigiri-1.apk,85024604c1e12ded5741b05b7098de6d
com.hollowrockentertainment.wreckitcrewfree-1000000.apk,fc59f515e9d6536e8b22a6e2c1f195eb
com.Home.NXShooter-129.apk,1f74dd28a74bacce2507d29b7baafa09
com.homes.homesdotcom-33.apk,281d737fec39e191bc4e49b3f126c214
com.hoodinn.strong-14080501.apk,d4781253d597ca22f1bb0e1b73be3246
com.hopanapps.liveradioecuador-1.apk,5a7d26fbe47facdf9e43465a6e4ac1c2
com.hostrp.radioset62-1.apk,9f7d41dc496ef6da87b5b54bb14c77dd
com.ht.popcandy-2.apk,4626344e2a2d7b797e577a44c5ee5b84
com.huawei.hwebgappstore-11.apk,9c7bd3fdec3ac359cd98e46a111fa0e5
com.hungerrush.deanspizza-1.apk,fbe0f860fe8423ef654fd3c615ba376f
com.huoli.lyan-16.apk,4a10bc119c55d6b3b7014addb1997c40
com.icaw.littlepetspa-1.apk,dc7cb575f54253be2c027a97ce85576a
com.icelaba.stuntman-1.apk,09f42db43aa42b77044b727cfc94edf3
com.icloudzone.TruckPark3D-200.apk,866bf6ae3ca1db94c2238310c97c9e3c
com.idddx.lwp.aliexpectautumn-1.apk,1cb1257f39eb3788b4bee07a3d3982a2
com.IDR6097ca4120a64c139d0fc8c99efa81e7.APPAirlineAlliances-20007.apk,98850cdd435073c6ce0f88c53a6195df
com.ifs.banking.fiid1358-4.apk,fff79bd19252da3103555aa45b0da1f7
com.ifs.banking.fiid8151-16.apk,eb6eab0da3e7781cb2adf347543fd03b
com.ifussss.android-6.apk,0375ab1af056a420deec935d3a41ee23
com.igloohall.midas-3.apk,7fce6dd79efa322d7cc9a65921e70260
com.ikinagames.rynaneng-109.apk,72f6745208e75ddba65830ebbdfa01a0
com.ilikemycountry.er_flagfree-7.apk,f798ec87b35d8c1191f92cd4e7880ec0
com.ima.fantastic.clubbinghyderabad-4.apk,7f44fb3887aee54d7fa93f355159a5cc
com.imtech.wxplus-14050900.apk,cafc5ef136ffd5ab94c01cf64c3a5269
com.indeuce.mechboard-5.apk,5ab64377b98d08f9328d1e7ea4d2a332
com.indigokids.planet-14071112.apk,9777be1f6ade45ff6e7b58716f3ad24b
com.ingeniusgamesstudiosltd.JeetKuneDo-5.apk,073833507e4ce09af42e2d7ef703dceb
com.inkubasia.buskg-11.apk,2a9315f9bda9e13dc99dc93a630cb165
com.inneractive.inneractiveAdPlugin-1.apk,5fd79c8910296a7758f3ebcc9183398d
com.innovateam.arrested-104.apk,293f37e6e47dd39069649b7bb6cd88fb
com.ipc.opticam-1.apk,5d3ce8b5bca9c2ac56c1041680b4bf9f
com.iptecno.insporel-3.apk,4fbbc5cfdad52775cc1b9b5919cf180c
com.irafa.FrankClaus-18.apk,fb3778a1a52f0817381427c54c302a4e
com.ishiptech.radio.thailand-13.apk,621da86091d82ba8eb2a7544c06b6f66
com.Islamic.Afat.AOVAJFYHPDKBQIALZ-1.apk,44a774bc132485a21829fb980588bcb1
com.isteria.FreeRideOffRoad-120.apk,a46ae2b73bed753f95b60cfbbfd05c07
com.itsBigApps.FlappyBoss-5.apk,ba596c66a6c9ff1a8a878ecc5f4af14b
com.jaberalmarri.flappydarkpurple-3.apk,c9c0dc0c8a9fada0c332fd229c5138a8
com.jazinga.softphone-2002.apk,07e75bca93b584f1029da38642b42e31
com.jeffdodge.roxymobile-4.apk,d0a3d263d204094d76b285e83a89a6ed
com.jessicasun.frozen.jewels.dash-4.apk,6b329c3c4f8e6021741c085f1f746c39
com.jonathanferris.bearmaster-7.apk,854f4c9ac32ab4502b5532df42c3519d
com.jotandroid.SafariKing-2.apk,4c970b857c245b8d148f6b74961fbeb0
com.jsudev.heroesoffarm-10.apk,9f3b89d2994ea1da4d813b5a634251eb
com.kaitzen.pdf.xonaphone-2.apk,cba5110f5de069b4767d1169a0bb3d0b
com.katun.grambo-5.apk,5ef8640e56190f638212613dec302d5a
com.KeysOfNine.DungeonLurkTwo-1243.apk,7f0a2555796328857511a6d35c60c89e
com.kfcu.MobileBanking-2.apk,9b68c3d700d5d767c0c5183ce52ff915
com.khbs.android.weather-300202.apk,4d0798cecf71c5deff393c004ffec7ae
com.kidsfirstsmile.BrazilStickman3D-1.apk,a31e1d99c732e4a38f667667d3e735d9
com.kidsfoodinc.android_make_caketwokf-10099.apk,880a6c34f73805f1a9041ff5902fb4cc
com.kidsgamestudio.games.bubbleturtlerush.lite-20131115.apk,717f8e2264bcf46e56011bc9f9b87133
com.kimuraya.BingoQuest-12.apk,22be82ac926242c4edefce78e63f15ea
com.kirastudio.breakthebrick-3.apk,2d73bf05480aca6cc1618abdb9670392
com.kitkatandroid.keyboard.japanese-102.apk,21cb6910d6badeb7bc0de333d0369762
com.kitware.KiwiViewer-1.apk,416ca530227bdaafb4035dc1f5fb2979
com.kkdev.guessthepicdarathai-11.apk,1b10fe4cdac2e043beb16fb55d9e747a
com.kk.prekrasnfrazyolyubvi-1.apk,d4ded9ff1c3f0b6efbd758dfdd26cad1
com.klap.alphabetfree-4.apk,8b905fc307d821f97f247cdf6c0164f6
com.klap.ponydash-11.apk,f25c8005f51c978df2ce0bfa2d742a0f
com.koolearn.fruits-3.apk,220383f6e472504d7a8a051918ee5ff0
com.kountidev.teencartoonpuzzlegame-10.apk,11313f7fa25b458ef2bd9e605bfe7941
com.lagardereunlimited.bumblebee-1.apk,534a65f4f790dcc0335756ecc715c496
com.laptech.OmokPang-3.apk,c0601666b68174265a47f7ced61a15b3
com.lars.Test-12.apk,82619e57a31cfc16a7b305858b75d69a
com.lavellamobile.chickmagnet-1.apk,f5ce32748ab0159545f7db6793d6726a
com.lazybrain.thailandelivetv-1.apk,f1c8cde99ab5769543380516b4ab2c37
com.leafpdx.guignol-2.apk,a7c4ebfe006b742e0fbf24b9c2ab6d84
com.leedev.music-4.apk,00343901c0890a7f19c7da8370cedb16
com.leegbtinternet.com.dotsnboxes2-10.apk,d3a4fa8b6f0b0fb39085e66a33670509
com.leodesol.games.tapthebox-26.apk,8d53459854b3d582b9ca6049954940ea
com.letitguide.moviliza.dj3ecorelay-3.apk,11360f6e61ae99176872e419d81a51a3
com.lguplus.cashbee-208.apk,0479b425aeaca9f917e0fc4cab299d0d
com.libiitech.highschoolsalon-1.apk,22c49444219dd7575a6d30fd1ebe4221